franchisor_id,agency_id,subdomain,profile_id,caregiver_id,external_id,first_name,last_name,email,phone_number,gender,applicant,birthday_date,onboarding_date,location_name,locations_id,applicant_status,status
a3f390d88e,91a4d5c9c7,udaxihhexdvxrcsnba,e44770b806,cb5e25a30c,,noGMbJm,AoCLrZaWZkS,nkiegykd@cmdllt.com,4078161849,,True,,,None,0,New Applicant,active
a3f390d88e,91a4d5c9c7,udaxihhexdvxrcsnba,cbf9344346,f6e9123483,,KmTec,Xsfogyr,oulfllgv@iwvuct.com,2832764835,,True,,,None,0,New Applicant,active
a3f390d88e,a5fdfa6722,yybhbzkmicgswkgupmuo,b3dce23c8e,d3292a9ba3,,qipVJ,qVLBLzxo,eqpcybde@ufzvnt.com,1669784801,,True,,,Winston-Salem,13512,New Applicant,active
a3f390d88e,a5fdfa6722,yybhbzkmicgswkgupmuo,315abef609,85cb2c14fb,,WrXPvhsB,DaUUq,qyfqduju@qtgely.com,2880957015,,True,,,Winston-Salem,13512,New Applicant,active
a3f390d88e,a5fdfa6722,yybhbzkmicgswkgupmuo,425ea7eafe,162d071833,,pdpK,fUFeWIXiiQE,rfiqtngr@yxwgwj.com,6578713315,,True,,,Winston-Salem,13512,Not hired,deactivated
a3f390d88e,a5fdfa6722,yybhbzkmicgswkgupmuo,bf9a8dbb46,f2fbfb4854,,LJoL,aeTOdoe,bkcqhivp@grexss.com,7376311656,,True,,,Winston-Salem,13512,Not hired,deactivated
a3f390d88e,a5fdfa6722,yybhbzkmicgswkgupmuo,1abcdf0fc4,074a95834a,,DUdRPP,dzUv,zdhggroe@nfiohc.com,7810801326,,True,,,Winston-Salem,13512,Not hired,deactivated
a3f390d88e,a5fdfa6722,yybhbzkmicgswkgupmuo,da7687233c,7276f11f2f,,Enzdkyay,YYDsB,wxzrvwpe@gjgbsx.com,8050097882,,True,,,Winston-Salem,13512,Application Completed,active
68ce199ec2,a330f9fecc,bqcfctcvhmdshstbtcnvs,eb4a736e0e,932163557f,,HuqnQTupqzi,DuWea,otsdcrgq@ielchl.com,4278498084,,False,,2023-10-11 00:00:00,None,0,Hired,active
68ce199ec2,a330f9fecc,bqcfctcvhmdshstbtcnvs,8f50a8e0ba,d4d9f74dfc,,iqhg,jrsMnTvn,vuiqpibc@unibak.com,2427868011,,False,,2024-03-08 00:00:00,None,0,Hired,active
320722549d,fb6e7c3969,werblsrenebjlzblgvhv,af5a86cdb3,9ec61830c3,,wXJA,VjpkZZl,nafxkznz@vxzhif.com,1607337543,,True,,,None,0,New Applicant,deactivated
320722549d,fb6e7c3969,werblsrenebjlzblgvhv,43a28ad6de,21e8c2694b,,bQmzvre,wPGzRI,kadifsib@dtnlxz.com,5698169340,,True,,,None,0,Not hired,deactivated
320722549d,fb6e7c3969,werblsrenebjlzblgvhv,b6ae30e3f3,5ee3f95e43,,aHZIRUVV,xBeQvN,kvdxjqjv@nkmwjr.com,2366299468,,True,,,None,0,Not hired,deactivated
320722549d,fb6e7c3969,werblsrenebjlzblgvhv,a9a5141b68,3e9acca4b8,,tsnBY,MPuDCCR,gqpzzxfv@cjqvut.com,5134332003,,True,,,None,0,New Applicant,active
320722549d,8e08227323,ptyconusgwwmpmheuwa,47804ea415,6d2595dae8,,XBolZSH,dJphDiZ,ovqrtkyo@txqnro.com,2774348734,,True,,,ameriCARE Birmingham,21865,New Applicant,active
320722549d,8e08227323,ptyconusgwwmpmheuwa,9d2320adad,37f3a9356a,,eTsprvuIf,joyS,ewgcnnkr@onbgnm.com,9096705466,,True,,,ameriCARE Birmingham,21865,New Applicant,active
fb89705ae6,959a557f5f,rxxrzthph,39caf7955c,b4c8511b78,,BFbyvQ,UkDiNIbzL,svacuneo@fbimkg.com,7556464170,,True,,,None,0,New Applicant,deactivated
fb89705ae6,959a557f5f,rxxrzthph,51243a9b2f,f3e0518af0,,dwoPeXPcWb,mbNjp,epvdsgow@iylftt.com,1241904966,,True,,,None,0,New Applicant,deactivated
fb89705ae6,959a557f5f,rxxrzthph,e76d566891,c19f43a2ef,,eLSO,gSXtR,tzdzszbl@rnvlcq.com,5067165726,,False,,2021-11-06 00:00:00,Chevonne Brooks,7852,Hired,deactivated
a3f390d88e,a5fdfa6722,yybhbzkmicgswkgupmuo,cacfcb0d78,a3857cdc62,,UHPrNZ,XEDBULr,khciohyo@stvmka.com,7527354549,,True,,,Winston-Salem,13512,Not hired,deactivated
a3f390d88e,a5fdfa6722,yybhbzkmicgswkgupmuo,c83debb915,6e54cafcb5,,JaHmfp,FJWpSEP,wpozacjh@mwhjvs.com,5788568557,,True,,,Winston-Salem,13512,Not hired,deactivated
a3f390d88e,0678ca2eae,ijihdxgkdxrywfggxp,1c2b9fbf58,5973e74311,d250b8e5d6,ULWHMs,msox,fjawreib@brjweu.com,7109477752,F,False,1998-08-11 00:00:00,2024-11-13 00:00:00,None,0,Hired,deactivated
320722549d,8e08227323,ptyconusgwwmpmheuwa,61c16dbdc9,d73bd91279,,qEhez,eKORdj,ezsjchdr@ynttzt.com,3867749649,,True,,,ameriCARE Birmingham,21865,Hired,active
320722549d,8e08227323,ptyconusgwwmpmheuwa,055f2aec4a,fb87819e54,,dNVgWnO,qQfk,hfrcfano@wtpjbh.com,4471349361,,True,,,ameriCARE Birmingham,21865,Not hired,deactivated
fb89705ae6,959a557f5f,rxxrzthph,d388aea78a,6ca102b558,b4df9f4940,oPjrjed,YtMVK,jodowjwm@iqrpoc.com,9065940139,,False,1996-07-16 00:00:00,2022-02-05 00:00:00,Brandy Evans,15321,Hired,deactivated
fb89705ae6,959a557f5f,rxxrzthph,acd2a1e4e9,fcf217a4ea,,bWRrKcWWlE,PCrlLBOF,cplnkkvd@fknwpj.com,6807154516,,False,,2021-11-17 00:00:00,Ashley Sockrider,8412,Hired,deactivated
fb89705ae6,959a557f5f,rxxrzthph,0c9c9ce3be,1618cc3a81,,aQIDAdmHx,WFOCWdnrJisC,wpdautzh@wfjrar.com,6131712748,,False,1975-03-27 00:00:00,2021-10-27 00:00:00,Shannon Domhoff,4733,Hired,deactivated
fb89705ae6,959a557f5f,rxxrzthph,2a091f76ea,0df1b0d6c9,,AEEpDJj,mMGVierXY,nkzqiajx@jssvpe.com,7875588675,,True,,,Chevonne Brooks,7852,New Applicant,deactivated
fb89705ae6,959a557f5f,rxxrzthph,06c664111d,36a2625425,,SpKyo,cuVETZyyQY,uepbeqsk@dodqoa.com,2621745961,,True,,,None,0,New Applicant,deactivated
fb89705ae6,959a557f5f,rxxrzthph,ba88a2b0dd,886bb9ebcd,,RIyuOTWF,cNepORs,hxcndyuw@dofwja.com,0504556238,,True,,,None,0,New Applicant,deactivated
fb89705ae6,959a557f5f,rxxrzthph,b4bb096a6e,4e552cf1df,,KRYlkl,NyNR,,,,True,,,None,0,Complete orientation/training,deactivated
fb89705ae6,959a557f5f,rxxrzthph,3a5eea889e,717681724e,,FLjo,OqDqQa,zojvrfco@lsjunw.com,4743671369,,True,,,None,0,New Applicant,deactivated
fb89705ae6,959a557f5f,rxxrzthph,5ecd584a60,268a3ca3be,,KsSsbQz,aKRXVdMVF,jyzhtzlh@ugtivy.com,2104709521,,True,,,None,0,New Applicant,deactivated
fb89705ae6,959a557f5f,rxxrzthph,7dc9398d8f,f0ee481c52,,uVAlm,YIxH,qifipzjx@kzdoce.com,3685160481,,True,,,None,0,New Applicant,deactivated
fb89705ae6,959a557f5f,rxxrzthph,874022dc08,aa0e0e43a1,,xRVRqLyOxg,EbNJu,thucuowj@undebb.com,4711382675,,True,,,None,0,New Applicant,deactivated
fb89705ae6,959a557f5f,rxxrzthph,7909410c25,da558cd56d,,ALVUjAP,FNAr,bwlgoohl@dvlrul.com,0643171390,,False,,2024-04-20 00:00:00,Brittni/Stephanie,17946,Hired,deactivated
320722549d,fa246d0262,bzkhezsgcyrgsghkyezt,ea13da3dac,24c17b3f64,,rjiIq,hQbiawY,zhskafib@exnqdx.com,1775891783,,True,,,None,0,Not hired,deactivated
320722549d,fa246d0262,bzkhezsgcyrgsghkyezt,867b4cba65,d18d302ff3,,cUYQHtDP,dEzB,vdpwocck@teceit.com,9856984789,,True,,,None,0,Not hired,deactivated
fb89705ae6,959a557f5f,rxxrzthph,1ba5161400,d9b3dfc621,,gYShPPXJ,BCoAvDzAU,dknkvile@vpcccc.com,6152809885,,True,,,None,0,New Applicant,deactivated
fb89705ae6,959a557f5f,rxxrzthph,70df90ab14,aa4e44122d,,AwQW,UdsMtw,dsqgevph@dlrldy.com,4936899809,,False,1999-01-20 00:00:00,2020-08-26 00:00:00,None,0,Hired,deactivated
fb89705ae6,959a557f5f,rxxrzthph,b3819e34db,b069f4283b,,blrSWt,waljK,vmcexuac@xqgmno.com,5254599102,,False,1991-03-18 00:00:00,2021-09-22 00:00:00,None,0,Hired,deactivated
a3f390d88e,91a4d5c9c7,udaxihhexdvxrcsnba,824977b6ca,1f475cd0de,,WNdR,rCQB,ptonigyq@dlndjv.com,9784036900,,True,,,None,0,New Applicant,active
a3f390d88e,a5fdfa6722,yybhbzkmicgswkgupmuo,a7495c3f9d,d691b1f681,,tnXiW,suhaFVBl,emrwhqrv@zlcmxb.com,6071596966,,True,,,Winston-Salem,13512,Not hired,deactivated
a3f390d88e,a5fdfa6722,yybhbzkmicgswkgupmuo,7d731d04ef,76d44e277b,,hzbukZ,DSxfBgpB,smqcmjxk@hkyfcq.com,1883552312,,True,,,Winston-Salem,13512,Not hired,deactivated
a3f390d88e,a5fdfa6722,yybhbzkmicgswkgupmuo,19f537ba8f,50398d63a0,,mlMjW,lXOFD,ysysovsu@utkuke.com,7177449058,,True,,,Winston-Salem,13512,Not hired,deactivated
68ce199ec2,a330f9fecc,bqcfctcvhmdshstbtcnvs,421b2c772d,f9f41ab1ce,,tDCcd,sePfNMG,mosrzxbo@zsugkt.com,7820715182,,True,,,None,0,New Applicant,active
320722549d,fb6e7c3969,werblsrenebjlzblgvhv,cb93b2860f,0cf71f2660,,pTCC,HNkxxsyA,ykvtbzuu@kckdrv.com,6449251925,,True,,,None,0,New Applicant,active
320722549d,fb6e7c3969,werblsrenebjlzblgvhv,ff8e3dee65,6afc1d990e,,PSQziMT,tJyPYv,evwxvqcu@vnqlal.com,4235733221,,True,,,None,0,Not hired,deactivated
320722549d,fb6e7c3969,werblsrenebjlzblgvhv,6f4a394cd1,1e7b14ddaa,,YgGXI,cQvXNiMy,effwytzf@xobnlv.com,3794738347,,True,,,None,0,Not hired,deactivated
320722549d,fb6e7c3969,werblsrenebjlzblgvhv,d2ee1a46b4,8c6296c506,,xRKCD,XyGHAk,gzteibup@lrdwqd.com,4124782613,,True,,,None,0,Not hired,deactivated
320722549d,fb6e7c3969,werblsrenebjlzblgvhv,adfa0f6ba0,8bf487b043,,wbAdzG,pyfx,hakdwukz@eebjpw.com,2779010432,,True,,,None,0,New Applicant,active
320722549d,8e08227323,ptyconusgwwmpmheuwa,42886ededc,43242d57fd,,UMHBhXspth,pAOY,tocdptra@uqshwe.com,4609539621,,True,,,ameriCARE Birmingham,21865,New Applicant,active
fb89705ae6,959a557f5f,rxxrzthph,4914a6cc8b,9d0dcd43a9,,xeHIGY,JbyEcOyx,ixalzclh@xvudys.com,5205852772,,True,,,None,0,New Applicant,deactivated
fb89705ae6,959a557f5f,rxxrzthph,45ca005d51,b46dc2861f,,eTXDc,mcYmcutGz,rpibyugj@lybuki.com,1566765277,,True,,,None,0,New Applicant,deactivated
fb89705ae6,959a557f5f,rxxrzthph,e167a5d0b5,623684d271,,ZHrZfU,fBMlIsugf,kvjjotwn@fwolob.com,5964016582,,True,,,None,0,New Applicant,deactivated
a3f390d88e,a5fdfa6722,yybhbzkmicgswkgupmuo,0cd13cb668,96d530d344,,jMRY,ciepXPx,lmsbtevo@lloycs.com,2856543102,,True,,,Winston-Salem,13512,New Applicant,active
a3f390d88e,0678ca2eae,ijihdxgkdxrywfggxp,d8697d95ad,027b8e769d,,HyJhqX,TCnNsSF,gdecofwo@czvkvl.com,1884422583,F,True,,,None,0,Paper work received,deactivated
a3f390d88e,0678ca2eae,ijihdxgkdxrywfggxp,12cd0eff08,662bde2935,,mYip,bxJKxDZJ,etccjmwx@pqnyns.com,1251778528,,True,,,None,0,New Applicant,deactivated
a3f390d88e,0678ca2eae,ijihdxgkdxrywfggxp,e824117e62,a29dae5e3e,,lXiBGdh,jtkkuTowHs,cigurieu@jtrcqu.com,2992299590,,True,,,None,0,Not hired,deactivated
320722549d,fa246d0262,bzkhezsgcyrgsghkyezt,54a46ad623,85518c0c5a,,fcPXK,PnXKANOb,purjujph@zzvmjo.com,1027677359,F,False,,2024-01-26 00:00:00,None,0,Hired,deactivated
fb89705ae6,959a557f5f,rxxrzthph,a2306e4e68,c3fdb6f15e,30cde89544,uTuU,ziWxGJgu,hodiohed@bjmtnh.com,2595327877,,False,1972-04-06 00:00:00,2021-11-13 00:00:00,Larissa Sorg,21693,Hired,active
fb89705ae6,959a557f5f,rxxrzthph,850cb806c1,890e02bd01,,FbfzGD,nLwddsF,tuvpjrad@neixly.com,6506098358,F,False,,2022-01-06 00:00:00,None,0,Hired,deactivated
fb89705ae6,959a557f5f,rxxrzthph,46f705b5c7,99ff8a5024,,eyGC,rNRNhig,mlzkrlye@gtqmqb.com,0025787298,,False,,2022-05-14 00:00:00,None,0,Hired,deactivated
fb89705ae6,959a557f5f,rxxrzthph,5eb27cca8a,0974d0d715,,uNukzN,LvGGI,pwsjpalk@vdnsjz.com,0974993097,,True,,,None,0,New Applicant,deactivated
fb89705ae6,959a557f5f,rxxrzthph,7d350b451c,c8bb94980b,,HOUNXy,RpcK,wdgaokne@nwgnqy.com,9702838578,,True,,,Ashley Sockrider,8412,Interview Scheduled,deactivated
fb89705ae6,959a557f5f,rxxrzthph,edb0d4b65e,3e6fd2e80d,,ulDIvIw,NEmprJ,jhjyjwgw@wpkplr.com,4419866524,,True,,,None,0,New Applicant,deactivated
fb89705ae6,959a557f5f,rxxrzthph,7f120d746f,71e5c6e31b,,sTfw,PqVEnmIrJ,wiedtxsh@hbvqhu.com,3016571208,,True,,,Shannon Domhoff,4733,Interview completed,deactivated
fb89705ae6,959a557f5f,rxxrzthph,538d679238,42379cff30,,APEEP,WsusP,,,,False,,2016-09-13 00:00:00,None,0,,deactivated
fb89705ae6,959a557f5f,rxxrzthph,76305924d3,0b74e69cf0,,XfPK,IVUclA,,,,True,,,None,0,Offer of hiring given,deactivated
fb89705ae6,959a557f5f,rxxrzthph,cfb0c5f71f,b8d16cdd59,,czYFl,catKMgv,jourqpeq@oigzdk.com,2742054932,,True,,,None,0,New Applicant,deactivated
cfcd208495,6ce1861d26,noeyfaaktuie,88cd3cef80,d01cf955ce,,fmKutPzl,OvTCHULPZa,skuhatwz@txrcue.com,1650600307,,True,,,Sonoma,13358,New Applicant,active
cfcd208495,cdaeb1282d,htzfxghskhlgi,cc1786be7e,795ce36fef,,bHyQuUhJx,kArSF,,4883787224,,True,,,None,0,Application Completed,active
cfcd208495,6ce1861d26,noeyfaaktuie,62edd5561a,ae50fd6a9c,,ZIsh,tLhTsW,bpmbtpqq@cnehod.com,6203833520,,True,,,Sonoma,13358,Not hired,deactivated
cfcd208495,cdaeb1282d,htzfxghskhlgi,ce1df2b9b3,393238c403,,KZlRq,eIXyHIB,,,,True,,,None,0,Interview Scheduled,deactivated
cfcd208495,6ce1861d26,noeyfaaktuie,89ea265903,673b1a017c,,nqgI,KQHHmeLXVGjTTAW,fqfpmcyf@dyeafj.com,7369736014,,True,,,Napa,13357,Application Completed,active
cfcd208495,cdaeb1282d,htzfxghskhlgi,55dbfd6545,4f472c5343,,oVNihL,imEWPRLYmPh,exupccff@rtwrjn.com,3553540459,,True,,,None,0,Interview completed,active
cfcd208495,6ce1861d26,noeyfaaktuie,eb4509385f,91525adf4a,,IGSvb,UzAAB,bvvgpfeq@blkwag.com,5080974567,,True,,,Sonoma,13358,New Applicant,deactivated
cfcd208495,5f8a7deb15,vzuvxbj,8c030a8974,2269b3bb65,,uXRhrRtE,QliAQHe,ezigjuhw@xfjvsg.com,2761628286,,True,,,None,0,Interview completed,active
cfcd208495,5f8a7deb15,vzuvxbj,af2aeffeea,b352f5104c,,hpHp,FkqXymven,mggmcakh@uvemmr.com,6015974008,,True,,,None,0,New Applicant,active
cfcd208495,5f8a7deb15,vzuvxbj,c71c30bb40,df907d7e75,,klWexJtWUO,toAEsnlo,xrzmlybz@egbpjd.com,5637624369,,True,,,None,0,New Applicant,active
cfcd208495,5f8a7deb15,vzuvxbj,6c577b2bce,f8babb27fb,,iYCOjXr,skGdenEs,ycpeglte@ntjnoa.com,5164931302,,True,,,None,0,Interview Scheduled,active
cfcd208495,5f8a7deb15,vzuvxbj,8ea2e31f2d,26788b93fc,,CmGzTVD,oRXDeVZ,nrsktfqq@lghopq.com,1679513282,,True,,,None,0,Not hired,deactivated
cfcd208495,79c662560b,arhfvloyvdjinoiqtxk,a78ecc4025,c8409d04ff,,OcAFyN,YqTfQYA,qrrcjdjr@szjaqm.com,3853576037,,True,,,None,0,Passed reference check,active
cfcd208495,79c662560b,arhfvloyvdjinoiqtxk,2256a6afc9,249be0fb8d,,CLbGSZ,wSpDhYlr,bgekuizj@zgdrbj.com,9575268347,,True,,,None,0,Not hired,active
cfcd208495,79c662560b,arhfvloyvdjinoiqtxk,7cf44f1897,7673367680,,bYwXQr,pAVCK,tweolhdc@zbqcnf.com,3980568291,F,False,1987-02-23 00:00:00,2018-05-17 00:00:00,None,0,,deactivated
cfcd208495,79c662560b,arhfvloyvdjinoiqtxk,186dede3b7,4c2708831e,,MAkePp,ihPN,,0911005543,,True,,,None,0,Interview completed,active
cfcd208495,79c662560b,arhfvloyvdjinoiqtxk,740c7df61d,1768943658,7837f4802d,CcgVImc,ojgwe,,7556207765,F,False,,,None,0,,deactivated
cfcd208495,e3b2125618,lzkv,c14687159c,851ed5f24a,,aGjjtOYW,eJztP,xgttiqxy@nbkyji.com,6500945178,,False,1973-04-23 00:00:00,2017-02-23 00:00:00,None,0,Hired,deactivated
